,temp,dem,dem4,dem10
2017-01-01,  31.3, 402.8, 514.2, 465.8
2017-01-02,  25.4, 441.2, 421.9, 421.4
2017-01-03,  25.5, 458.5, 423.5, 432.3
2017-01-04,  27.0, 433.2, 446.9, 461.1
2017-01-05,  21.9, 401.5, 368.7, 388.5
2017-01-06,  24.3, 406.0, 404.6, 420.0
2017-01-07,  29.1, 423.6, 479.7, 460.3
2017-01-08,  25.9, 376.2, 429.6, 384.5
2017-01-09,  25.6, 430.0, 424.9, 424.3
2017-01-10,  22.4, 389.6, 374.8, 385.6
2017-01-11,  25.6, 417.9, 424.9, 439.9
2017-01-12,  27.2, 467.7, 449.9, 466.6
2017-01-13,  26.5, 471.0, 438.9, 453.0
2017-01-14,  23.0, 397.4, 384.1, 368.5
2017-01-15,  22.1, 352.2, 370.1, 327.2
2017-01-16,  24.1, 407.4, 401.3, 401.6
2017-01-17,  28.2, 449.4, 465.4, 472.6
2017-01-18,  25.5, 461.9, 423.2, 438.3
2017-01-19,  28.0, 491.3, 462.2, 478.4
2017-01-20,  28.4, 497.6, 468.5, 481.4
2017-01-21,  29.1, 470.3, 479.4, 460.1
2017-01-22,  27.8, 430.9, 459.0, 412.7
2017-01-23,  28.1, 474.5, 463.7, 461.6
2017-01-24,  26.6, 473.5, 440.2, 448.4
2017-01-25,  21.4, 416.2, 368.3, 385.5
2017-01-26,  18.6, 388.8, 368.3, 388.1
2017-01-27,  19.8, 396.0, 368.3, 385.0
2017-01-28,  24.4, 386.7, 405.8, 389.3
2017-01-29,  27.7, 389.3, 457.3, 411.1
2017-01-30,  29.7, 493.6, 488.6, 485.5
2017-01-31,  26.5, 490.2, 438.5, 446.8
2017-02-01,  24.7, 443.4, 410.4, 426.0
2017-02-02,  24.1, 436.0, 401.0, 419.5
2017-02-03,  24.7, 445.5, 410.3, 425.5
2017-02-04,  25.4, 391.5, 421.3, 404.2
2017-02-05,  19.4, 308.3, 368.1, 325.3
2017-02-06,  19.3, 350.4, 368.1, 369.6
2017-02-07,  20.0, 373.6, 368.0, 379.0
2017-02-08,  23.5, 398.5, 391.5, 407.8
2017-02-09,  25.1, 413.9, 416.5, 434.4
2017-02-10,  24.0, 408.6, 399.2, 414.8
2017-02-11,  24.0, 364.7, 399.2, 383.0
2017-02-12,  22.1, 333.5, 369.5, 326.7
2017-02-13,  22.4, 380.4, 374.2, 375.5
2017-02-14,  23.0, 401.6, 383.5, 393.9
2017-02-15,  26.3, 435.9, 435.1, 449.7
2017-02-16,  27.0, 455.1, 446.0, 462.8
2017-02-17,  26.9, 461.6, 444.4, 458.3
2017-02-18,  25.3, 398.5, 419.4, 402.4
2017-02-19,  25.9, 376.6, 428.8, 383.6
2017-02-20,  27.9, 480.8, 460.0, 458.0
2017-02-21,  29.0, 506.3, 477.2, 483.9
2017-02-22,  27.2, 489.0, 449.0, 463.1
2017-02-23,  28.6, 521.4, 470.9, 486.8
2017-02-24,  27.7, 526.3, 456.8, 470.1
2017-02-25,  28.7, 475.5, 472.4, 453.3
2017-02-26,  29.4, 437.6, 483.3, 436.1
2017-02-27,  28.8, 430.7, 473.9, 471.4
2017-02-28,  28.4, 433.6, 467.7, 474.8
2017-03-01,  29.9, 494.6, 491.1, 503.6
2017-03-02,  29.7, 511.8, 488.0, 503.1
2017-03-03,  25.4, 420.3, 420.7, 435.4
2017-03-04,  22.4, 358.0, 373.8, 358.5
2017-03-05,  20.5, 333.0, 367.5, 324.7
2017-03-06,  25.1, 410.0, 416.0, 415.7
2017-03-07,  21.5, 418.3, 367.5, 378.5
2017-03-08,  25.2, 439.8, 417.5, 432.8
2017-03-09,  24.8, 426.0, 411.2, 429.4
2017-03-10,  21.0, 385.9, 367.4, 384.2
2017-03-11,  19.4, 347.8, 367.4, 352.4
2017-03-12,  19.4, 311.4, 367.4, 324.6
2017-03-13,  20.3, 362.8, 367.4, 368.9
2017-03-14,  21.5, 386.7, 367.3, 378.3
2017-03-15,  19.6, 389.3, 367.3, 384.5
2017-03-16,  17.5, 364.9, 367.3, 387.1
2017-03-17,  17.2, 362.5, 367.3, 384.0
2017-03-18,  17.7, 333.6, 367.3, 352.2
2017-03-19,  19.7, 309.0, 367.2, 324.4
2017-03-20,  20.7, 367.3, 367.2, 368.8
2017-03-21,  22.4, 383.6, 373.5, 384.2
2017-03-22,  22.8, 389.4, 379.7, 396.4
2017-03-23,  22.5, 395.9, 375.0, 394.5
2017-03-24,  23.2, 359.5, 385.9, 401.9
2017-03-25,  24.1, 365.7, 400.0, 383.6
2017-03-26,  23.4, 338.4, 389.0, 345.3
2017-03-27,  24.8, 408.6, 410.9, 410.7
2017-03-28,  24.5, 416.7, 406.1, 415.6
2017-03-29,  23.4, 409.6, 388.9, 405.3
2017-03-30,  23.1, 401.6, 384.2, 403.4
2017-03-31,  23.8, 398.4, 395.1, 410.8
2017-04-01,  23.9, 360.8, 396.7, 380.5
2017-04-02,  21.5, 318.3, 367.0, 324.2
2017-04-03,  20.4, 362.5, 366.9, 368.5
2017-04-04,  21.2, 378.0, 366.9, 377.9
2017-04-05,  23.2, 376.2, 385.7, 402.2
2017-04-06,  18.9, 343.3, 366.9, 386.7
2017-04-07,  22.3, 370.0, 371.6, 388.1
2017-04-08,  22.9, 345.4, 380.9, 365.3
2017-04-09,  22.6, 315.2, 376.2, 333.0
2017-04-10,  17.9, 357.9, 366.8, 368.4
2017-04-11,  18.3, 360.8, 366.8, 377.7
2017-04-12,  14.8, 363.0, 375.5, 392.3
2017-04-13,  15.5, 356.2, 366.7, 386.6
2017-04-14,  17.4, 311.1, 366.7, 383.5
2017-04-15,  19.3, 321.2, 366.7, 351.6
2017-04-16,  18.0, 302.5, 366.7, 323.9
2017-04-17,  17.4, 359.0, 366.7, 368.2
2017-04-18,  16.8, 368.6, 366.6, 377.6
2017-04-19,  18.1, 371.3, 366.6, 383.8
2017-04-20,  21.3, 367.7, 366.6, 386.4
2017-04-21,  20.7, 366.3, 366.6, 383.3
2017-04-22,  14.0, 335.4, 385.2, 369.4
2017-04-23,  17.2, 307.1, 366.5, 323.7
2017-04-24,  19.6, 361.5, 366.5, 368.1
2017-04-25,  15.4, 377.9, 367.7, 378.7
2017-04-26,  13.6, 384.7, 390.1, 406.4
2017-04-27,  16.4, 383.3, 366.5, 386.3
2017-04-28,  19.7, 373.2, 366.4, 383.2
2017-04-29,  19.4, 333.2, 366.4, 351.4
2017-04-30,  20.0, 303.5, 366.4, 323.6
2017-05-01,  19.3, 293.0, 366.4, 367.9
2017-05-02,  19.9, 352.7, 366.4, 377.3
2017-05-03,  20.6, 367.2, 366.3, 383.6
2017-05-04,  20.9, 368.3, 366.3, 386.1
2017-05-05,  21.1, 371.5, 366.3, 383.1
2017-05-06,  20.2, 339.2, 366.3, 351.2
2017-05-07,  19.7, 312.3, 366.3, 323.5
2017-05-08,  18.0, 363.5, 366.2, 367.8
2017-05-09,  15.3, 374.3, 368.7, 379.6
2017-05-10,  13.6, 381.3, 389.8, 406.1
2017-05-11,  13.9, 395.6, 386.0, 405.1
2017-05-12,  15.6, 397.8, 366.2, 382.9
2017-05-13,  17.0, 354.7, 366.1, 351.1
2017-05-14,  14.5, 324.0, 378.5, 335.3
2017-05-15,  17.0, 374.6, 366.1, 367.6
2017-05-16,  15.0, 384.5, 372.3, 383.0
2017-05-17,  15.1, 388.6, 371.0, 388.1
2017-05-18,  16.6, 392.2, 366.0, 385.9
2017-05-19,  15.4, 394.1, 367.3, 384.0
2017-05-20,  11.3, 378.7, 418.2, 401.2
2017-05-21,  14.1, 344.5, 383.4, 339.9
2017-05-22,  15.7, 384.2, 366.0, 367.5
2017-05-23,  17.7, 388.7, 365.9, 376.9
2017-05-24,  16.6, 390.6, 365.9, 383.1
2017-05-25,  15.5, 355.2, 365.9, 385.7
2017-05-26,  14.6, 391.7, 377.1, 393.4
2017-05-27,  11.4, 376.9, 416.8, 399.8
2017-05-28,  12.0, 358.9, 409.3, 364.9
2017-05-29,  13.1, 417.6, 395.6, 396.1
2017-05-30,  11.7, 428.6, 413.0, 422.2
2017-05-31,  10.8, 433.2, 424.1, 439.2
2017-06-01,  11.8, 428.6, 411.7, 429.8
2017-06-02,  11.4, 424.9, 416.7, 431.5
2017-06-03,  14.1, 391.9, 383.1, 367.4
2017-06-04,  12.9, 363.2, 398.0, 354.0
2017-06-05,   8.5, 433.6, 452.6, 450.9
2017-06-06,  10.5, 441.2, 427.7, 436.4
2017-06-07,  11.6, 446.9, 414.1, 429.5
2017-06-08,  11.4, 452.4, 416.5, 434.5
2017-06-09,  10.5, 448.2, 427.7, 442.1
2017-06-10,  15.7, 393.8, 365.6, 350.5
2017-06-11,  14.2, 362.4, 381.7, 338.3
2017-06-12,   8.5, 432.0, 452.5, 450.8
2017-06-13,  14.0, 429.1, 384.2, 394.4
2017-06-14,  14.2, 417.7, 381.6, 398.3
2017-06-15,  15.8, 414.3, 365.5, 385.3
2017-06-16,  21.0, 392.4, 365.5, 382.2
2017-06-17,  17.8, 337.9, 365.4, 350.4
2017-06-18,   9.1, 359.9, 444.9, 399.1
2017-06-19,   7.7, 439.2, 462.3, 460.2
2017-06-20,   7.8, 418.2, 461.0, 468.4
2017-06-21,  10.7, 454.7, 425.0, 440.0
2017-06-22,  16.9, 428.4, 365.3, 385.2
2017-06-23,  20.6, 398.3, 365.3, 382.1
2017-06-24,  19.2, 357.3, 365.3, 350.2
2017-06-25,  20.8, 323.0, 365.3, 322.5
2017-06-26,  21.0, 373.6, 365.3, 366.8
2017-06-27,  17.1, 390.5, 365.2, 376.2
2017-06-28,  12.6, 414.0, 401.2, 417.1
2017-06-29,  10.0, 426.6, 433.5, 450.8
2017-06-30,  13.2, 427.7, 393.7, 409.4
2017-07-01,  12.3, 384.8, 404.9, 388.4
2017-07-02,  14.5, 352.2, 377.6, 334.3
2017-07-03,  14.9, 400.9, 372.6, 373.8
2017-07-04,  15.5, 403.9, 365.1, 376.1
2017-07-05,  14.5, 410.5, 377.5, 394.2
2017-07-06,  10.0, 433.8, 433.4, 450.6
2017-07-07,  12.8, 438.4, 398.6, 414.1
2017-07-08,  13.1, 396.6, 394.8, 378.7
2017-07-09,  11.4, 371.9, 415.9, 371.2
2017-07-10,  10.5, 438.6, 427.1, 426.3
2017-07-11,   9.5, 447.2, 439.5, 447.6
2017-07-12,  15.6, 433.9, 364.9, 382.1
2017-07-13,  20.6, 399.9, 364.9, 384.7
2017-07-14,  15.5, 407.3, 364.9, 381.7
2017-07-15,  13.4, 389.3, 391.0, 374.9
2017-07-16,   7.3, 395.6, 466.7, 420.1
2017-07-17,   5.8, 467.0, 485.3, 482.4
2017-07-18,   8.9, 471.9, 446.8, 454.7
2017-07-19,  11.6, 459.5, 413.2, 428.6
2017-07-20,  13.4, 440.6, 390.9, 409.7
2017-07-21,  11.9, 427.1, 409.5, 424.6
2017-07-22,  14.0, 385.4, 383.4, 367.6
2017-07-23,  14.5, 351.0, 377.1, 333.9
2017-07-24,  12.7, 412.1, 399.5, 399.7
2017-07-25,  12.2, 424.0, 405.7, 415.1
2017-07-26,  16.1, 413.4, 364.7, 381.9
2017-07-27,  19.1, 391.5, 364.7, 384.5
2017-07-28,  21.0, 377.7, 364.6, 381.4
2017-07-29,  19.8, 346.0, 364.6, 349.5
2017-07-30,  12.3, 354.9, 404.3, 360.0
2017-07-31,  11.1, 430.6, 419.2, 418.7
2017-08-01,  13.0, 436.2, 395.6, 405.4
2017-08-02,  13.0, 424.3, 395.6, 411.6
2017-08-03,  13.3, 416.4, 391.8, 410.6
2017-08-04,  12.6, 408.2, 400.5, 415.9
2017-08-05,  14.8, 367.8, 373.2, 357.8
2017-08-06,  18.5, 328.3, 364.5, 321.6
2017-08-07,  17.5, 376.2, 364.4, 366.0
2017-08-08,  14.8, 401.0, 373.1, 383.7
2017-08-09,  14.5, 406.3, 376.8, 393.5
2017-08-10,  14.8, 408.0, 373.1, 392.5
2017-08-11,  16.2, 409.0, 364.4, 381.1
2017-08-12,  14.6, 372.8, 375.5, 360.0
2017-08-13,  12.8, 343.2, 397.8, 353.8
2017-08-14,  15.2, 392.9, 368.0, 369.4
2017-08-15,  15.8, 391.3, 364.3, 375.2
2017-08-16,  13.6, 393.8, 387.8, 404.2
2017-08-17,  16.0, 392.7, 364.2, 384.0
2017-08-18,  18.2, 380.9, 364.2, 380.9
2017-08-19,  15.7, 355.1, 364.2, 349.1
2017-08-20,  12.3, 334.9, 403.9, 359.6
2017-08-21,  11.6, 345.3, 412.6, 412.3
2017-08-22,  13.8, 393.0, 385.2, 395.4
2017-08-23,  17.5, 393.0, 364.1, 381.3
2017-08-24,  20.8, 389.3, 364.1, 383.9
2017-08-25,  18.3, 393.1, 364.1, 380.8
2017-08-26,  14.9, 363.3, 371.5, 356.1
2017-08-27,  15.9, 335.3, 364.0, 321.2
2017-08-28,  19.0, 380.7, 364.0, 365.5
2017-08-29,  17.1, 394.3, 364.0, 374.9
2017-08-30,  12.5, 401.6, 401.2, 417.0
2017-08-31,  12.4, 396.9, 402.4, 420.8
2017-09-01,  17.7, 384.5, 363.9, 380.7
2017-09-02,  21.4, 348.4, 363.9, 348.8
2017-09-03,  17.2, 331.5, 363.9, 321.1
2017-09-04,  13.5, 390.0, 388.7, 389.3
2017-09-05,  11.6, 395.6, 412.3, 421.4
2017-09-06,  14.8, 393.4, 372.5, 389.4
2017-09-07,  15.7, 377.5, 363.8, 383.6
2017-09-08,  13.9, 387.3, 383.7, 399.7
2017-09-09,  17.5, 362.3, 363.8, 348.7
2017-09-10,  18.1, 337.5, 363.8, 320.9
2017-09-11,  14.0, 388.0, 382.4, 383.2
2017-09-12,  13.4, 389.4, 389.8, 399.8
2017-09-13,  14.5, 384.3, 376.1, 392.8
2017-09-14,  18.5, 376.1, 363.7, 383.5
2017-09-15,  13.9, 382.6, 383.5, 399.5
2017-09-16,  14.3, 351.1, 378.5, 362.9
2017-09-17,  15.2, 318.1, 367.3, 324.4
2017-09-18,  17.5, 361.6, 363.6, 365.1
2017-09-19,  18.5, 368.8, 363.6, 374.5
2017-09-20,  21.4, 378.3, 363.6, 380.7
2017-09-21,  13.3, 394.2, 390.9, 409.6
2017-09-22,  13.0, 385.3, 394.6, 410.1
2017-09-23,  15.3, 346.1, 366.0, 350.8
2017-09-24,  17.9, 312.7, 363.5, 320.6
2017-09-25,  19.7, 362.4, 363.5, 365.0
2017-09-26,  14.8, 394.5, 372.1, 382.7
2017-09-27,  13.0, 401.4, 394.5, 410.5
2017-09-28,  13.9, 397.3, 383.3, 402.3
2017-09-29,  15.6, 385.7, 363.4, 380.1
2017-09-30,  19.0, 346.0, 363.4, 348.3
2017-10-01,  16.0, 317.4, 363.3, 320.5
2017-10-02,  15.5, 369.4, 363.3, 364.8
2017-10-03,  17.7, 376.7, 363.3, 374.2
2017-10-04,  19.7, 372.2, 363.3, 380.5
2017-10-05,  21.4, 370.8, 363.3, 383.0
2017-10-06,  18.7, 370.5, 363.2, 380.0
2017-10-07,  16.5, 339.0, 363.2, 348.1
2017-10-08,  17.7, 316.9, 363.2, 320.4
2017-10-09,  19.0, 361.3, 363.2, 364.7
2017-10-10,  16.8, 369.5, 363.2, 374.1
2017-10-11,  16.3, 374.7, 363.1, 380.3
2017-10-12,  13.5, 390.4, 388.0, 406.8
2017-10-13,  14.7, 386.8, 373.0, 389.4
2017-10-14,  16.3, 342.6, 363.1, 348.0
2017-10-15,  18.1, 301.5, 363.1, 320.2
2017-10-16,  22.4, 313.9, 369.3, 370.6
2017-10-17,  22.0, 377.2, 363.0, 373.9
2017-10-18,  20.1, 393.0, 363.0, 380.2
2017-10-19,  17.0, 364.1, 363.0, 382.8
2017-10-20,  17.5, 373.0, 363.0, 379.7
2017-10-21,  16.0, 338.4, 362.9, 347.8
2017-10-22,  13.2, 308.7, 391.5, 347.6
2017-10-23,  16.5, 359.5, 362.9, 364.4
2017-10-24,  20.8, 371.9, 362.9, 373.8
2017-10-25,  20.9, 380.2, 362.9, 380.0
2017-10-26,  22.2, 380.5, 366.0, 385.6
2017-10-27,  18.1, 368.4, 362.8, 379.5
2017-10-28,  17.0, 337.0, 362.8, 347.7
2017-10-29,  22.2, 310.6, 365.9, 322.9
2017-10-30,  19.3, 357.1, 362.8, 364.3
2017-10-31,  19.3, 371.2, 362.7, 373.7
2017-11-01,  21.9, 377.2, 362.7, 379.9
2017-11-02,  19.0, 382.3, 362.7, 382.5
2017-11-03,  20.5, 372.8, 362.7, 379.4
2017-11-04,  19.3, 334.9, 362.7, 347.6
2017-11-05,  21.2, 309.8, 362.6, 319.8
2017-11-06,  21.6, 371.5, 362.6, 364.1
2017-11-07,  21.0, 376.8, 362.6, 373.5
2017-11-08,  22.6, 380.6, 372.0, 388.8
2017-11-09,  22.4, 378.6, 368.8, 388.3
2017-11-10,  23.7, 380.3, 389.1, 404.8
2017-11-11,  19.6, 348.6, 362.5, 347.4
2017-11-12,  18.0, 331.7, 362.5, 319.7
2017-11-13,  25.2, 410.2, 412.5, 412.1
2017-11-14,  26.0, 438.1, 425.0, 433.5
2017-11-15,  25.9, 438.2, 423.4, 438.2
2017-11-16,  17.2, 383.3, 362.4, 382.2
2017-11-17,  22.0, 384.3, 362.4, 379.1
2017-11-18,  15.8, 337.6, 362.4, 347.3
2017-11-19,  20.3, 311.3, 362.4, 319.5
2017-11-20,  15.9, 325.0, 362.3, 363.8
2017-11-21,  16.7, 362.8, 362.3, 373.2
2017-11-22,  20.2, 376.8, 362.3, 379.5
2017-11-23,  24.4, 395.6, 399.8, 418.1
2017-11-24,  15.4, 382.8, 363.5, 380.2
2017-11-25,  18.7, 344.1, 362.2, 347.1
2017-11-26,  22.5, 330.3, 370.0, 326.9
2017-11-27,  20.5, 383.9, 362.2, 363.7
2017-11-28,  16.3, 392.1, 362.2, 373.1
2017-11-29,  21.9, 412.8, 362.2, 379.3
2017-11-30,  23.4, 421.1, 384.0, 403.0
2017-12-01,  22.7, 413.5, 373.1, 389.4
2017-12-02,  23.4, 371.0, 384.0, 368.0
2017-12-03,  21.9, 327.5, 362.1, 319.2
2017-12-04,  19.6, 375.7, 362.1, 363.6
2017-12-05,  22.4, 395.5, 368.3, 379.0
2017-12-06,  25.3, 423.9, 413.6, 428.8
2017-12-07,  24.0, 441.2, 393.3, 411.8
2017-12-08,  27.3, 404.3, 444.8, 458.4
2017-12-09,  29.6, 414.0, 480.8, 461.1
2017-12-10,  24.9, 378.9, 407.3, 362.7
2017-12-11,  18.3, 408.4, 361.9, 363.4
2017-12-12,  24.2, 432.9, 396.3, 405.9
2017-12-13,  26.2, 451.9, 427.5, 442.2
2017-12-14,  26.3, 452.1, 429.1, 446.3
2017-12-15,  27.3, 488.3, 444.7, 458.2
2017-12-16,  26.4, 462.2, 430.6, 412.8
2017-12-17,  22.4, 341.2, 368.1, 325.0
2017-12-18,  19.2, 368.5, 361.8, 363.3
2017-12-19,  18.7, 384.7, 361.8, 372.7
2017-12-20,  22.3, 431.5, 366.4, 383.4
2017-12-21,  27.1, 460.1, 441.5, 458.1
2017-12-22,  27.7, 482.4, 450.8, 464.1
2017-12-23,  24.8, 374.1, 405.5, 388.7
2017-12-24,  18.3, 330.5, 361.7, 318.8
2017-12-25,  25.6, 336.2, 417.9, 417.2
2017-12-26,  29.2, 458.9, 474.2, 480.7
2017-12-27,  26.9, 478.3, 438.2, 452.4
2017-12-28,  29.3, 488.2, 475.7, 491.1
2017-12-29,  29.7, 502.9, 481.9, 494.0
2017-12-30,  31.2, 478.4, 505.4, 484.7
2017-12-31,  23.1, 370.1, 378.7, 335.2
2018-01-01,  22.8, 314.3, 374.0, 375.0
2018-01-02,  25.8, 396.4, 420.9, 429.5
2018-01-03,  25.5, 432.4, 416.2, 431.2
2018-01-04,  29.5, 481.0, 478.7, 493.9
2018-01-05,  25.3, 435.9, 413.0, 427.7
2018-01-06,  21.2, 360.1, 361.4, 346.3
2018-01-07,  25.9, 354.3, 422.4, 377.1
2018-01-08,  28.0, 443.4, 455.2, 453.0
2018-01-09,  28.0, 468.9, 455.2, 462.4
2018-01-10,  29.8, 499.2, 483.3, 495.7
2018-01-11,  31.9, 521.6, 516.1, 529.9
2018-01-12,  29.8, 508.7, 483.2, 495.2
2018-01-13,  26.2, 405.7, 426.9, 409.3
2018-01-14,  19.2, 323.4, 361.2, 318.4
2018-01-15,  21.9, 382.4, 361.2, 362.7
2018-01-16,  25.4, 419.8, 414.4, 423.2
2018-01-17,  27.0, 425.7, 439.4, 453.5
2018-01-18,  26.3, 429.4, 428.4, 445.6
2018-01-19,  27.7, 453.5, 450.3, 463.5
2018-01-20,  27.2, 420.3, 442.4, 424.2
2018-01-21,  29.3, 405.4, 475.2, 428.0
2018-01-22,  27.3, 473.9, 443.9, 442.2
2018-01-23,  29.8, 483.2, 483.0, 489.2
2018-01-24,  22.3, 417.4, 365.7, 382.7
2018-01-25,  19.7, 392.0, 361.0, 380.8
2018-01-26,  24.9, 413.4, 406.3, 421.3
2018-01-27,  25.8, 404.7, 420.4, 403.0
2018-01-28,  26.8, 375.7, 436.0, 390.2
2018-01-29,  25.9, 432.5, 421.9, 421.0
2018-01-30,  26.7, 460.5, 434.4, 442.5
2018-01-31,  28.0, 474.7, 454.7, 468.2
2018-02-01,  27.4, 495.2, 445.3, 461.8
2018-02-02,  28.9, 503.3, 468.7, 481.3
2018-02-03,  25.7, 444.0, 418.7, 401.3
2018-02-04,  26.8, 428.4, 435.9, 390.1
2018-02-05,  28.3, 514.8, 459.3, 457.0
2018-02-06,  28.8, 536.5, 467.1, 473.9
2018-02-07,  29.9, 534.7, 484.3, 496.7
2018-02-08,  30.2, 543.0, 489.0, 503.8
2018-02-09,  26.5, 483.3, 431.1, 445.1
2018-02-10,  24.4, 398.5, 398.2, 381.7
2018-02-11,  19.1, 331.2, 360.7, 317.8
2018-02-12,  18.1, 312.6, 360.7, 362.1
2018-02-13,  20.6, 330.6, 360.7, 371.5
2018-02-14,  23.2, 401.1, 379.4, 395.8
2018-02-15,  26.0, 445.2, 423.1, 440.5
2018-02-16,  25.8, 477.3, 420.0, 434.4
2018-02-17,  27.5, 448.4, 446.6, 428.1
2018-02-18,  29.3, 435.0, 474.7, 427.4
2018-02-19,  25.3, 468.0, 412.1, 411.6
2018-02-20,  25.9, 444.7, 421.5, 430.0
2018-02-21,  23.4, 412.8, 382.4, 398.7
2018-02-22,  22.3, 415.0, 365.2, 384.7
2018-02-23,  23.0, 421.8, 376.1, 392.2
2018-02-24,  22.3, 379.2, 365.1, 349.8
2018-02-25,  23.5, 354.2, 383.9, 340.1
2018-02-26,  24.0, 418.7, 391.7, 391.9
2018-02-27,  25.8, 435.5, 419.8, 428.4
2018-02-28,  23.7, 432.8, 386.9, 403.0
2018-03-01,  26.4, 446.8, 429.1, 446.2
2018-03-02,  26.6, 471.9, 432.2, 446.1
2018-03-03,  28.1, 448.2, 455.7, 436.8
2018-03-04,  25.8, 424.0, 419.7, 374.5
2018-03-05,  26.2, 438.2, 425.9, 424.9
2018-03-06,  20.4, 398.5, 360.2, 371.1
2018-03-07,  21.8, 400.2, 360.2, 377.4
2018-03-08,  23.8, 415.3, 388.3, 407.0
2018-03-09,  26.0, 441.6, 422.7, 437.0
2018-03-10,  28.6, 424.6, 463.3, 444.2
2018-03-11,  20.8, 350.2, 360.1, 317.3
2018-03-12,  19.1, 382.4, 360.1, 361.6
2018-03-13,  24.9, 398.4, 405.4, 414.6
2018-03-14,  24.3, 417.6, 396.0, 411.8
2018-03-15,  19.1, 384.3, 360.1, 379.8
2018-03-16,  19.8, 382.3, 360.0, 376.7
2018-03-17,  23.6, 382.5, 385.0, 368.9
2018-03-18,  20.9, 349.4, 360.0, 317.1
2018-03-19,  19.5, 365.8, 360.0, 361.4
2018-03-20,  20.1, 369.5, 360.0, 370.8
2018-03-21,  17.0, 368.8, 359.9, 377.1
2018-03-22,  19.8, 377.1, 359.9, 379.7
2018-03-23,  24.0, 400.7, 391.2, 406.6
2018-03-24,  21.2, 345.9, 359.9, 344.7
2018-03-25,  16.0, 307.5, 359.9, 317.0
2018-03-26,  14.5, 357.1, 372.3, 373.3
2018-03-27,  19.7, 368.1, 359.8, 370.7
2018-03-28,  22.6, 378.6, 369.2, 385.9
2018-03-29,  23.9, 382.9, 389.5, 408.1
2018-03-30,  24.7, 356.9, 402.0, 417.0
2018-03-31,  25.6, 368.2, 416.0, 398.7
2018-04-01,  23.2, 325.5, 378.5, 334.9
2018-04-02,  21.8, 322.1, 359.7, 361.2
2018-04-03,  19.7, 375.9, 359.7, 370.6
2018-04-04,  21.8, 393.8, 359.7, 376.8
2018-04-05,  23.7, 404.1, 386.2, 404.9
2018-04-06,  19.7, 388.7, 359.6, 376.3
2018-04-07,  18.3, 352.1, 359.6, 344.5
2018-04-08,  19.4, 328.0, 359.6, 316.7
2018-04-09,  23.1, 389.0, 376.8, 377.6
2018-04-10,  27.0, 413.5, 437.7, 445.6
2018-04-11,  28.0, 441.8, 453.3, 466.8
2018-04-12,  19.3, 388.6, 359.5, 379.2
2018-04-13,  14.6, 367.3, 370.7, 386.9
2018-04-14,  18.8, 338.3, 359.5, 344.3
2018-04-15,  21.2, 315.1, 359.4, 316.6
2018-04-16,  22.4, 369.3, 365.7, 366.9
2018-04-17,  23.4, 387.7, 381.3, 391.3
2018-04-18,  25.5, 403.6, 414.1, 429.1
2018-04-19,  25.4, 414.6, 412.5, 430.2
2018-04-20,  22.8, 407.1, 371.8, 388.0
2018-04-21,  22.7, 375.4, 370.3, 354.7
2018-04-22,  23.7, 349.7, 385.9, 342.0
2018-04-23,  21.1, 382.7, 359.3, 360.7
2018-04-24,  19.7, 378.2, 359.3, 370.1
2018-04-25,  24.5, 391.5, 398.3, 413.9
2018-04-26,  24.2, 399.3, 393.6, 412.0
2018-04-27,  27.7, 411.1, 448.3, 461.5
2018-04-28,  21.3, 369.5, 359.2, 344.0
2018-04-29,  19.8, 336.3, 359.2, 316.3
2018-04-30,  19.6, 357.0, 359.1, 360.6
2018-05-01,  15.6, 313.5, 359.1, 370.0
2018-05-02,  17.5, 373.8, 359.1, 376.2
2018-05-03,  19.1, 375.4, 359.1, 378.8
2018-05-04,  18.4, 379.1, 359.1, 375.7
2018-05-05,  18.3, 346.8, 359.0, 343.9
2018-05-06,  20.3, 318.8, 359.0, 316.1
2018-05-07,  20.9, 369.9, 359.0, 360.5
2018-05-08,  20.3, 379.3, 359.0, 369.9
2018-05-09,  19.8, 379.2, 359.0, 376.1
2018-05-10,  18.6, 378.4, 358.9, 378.7
2018-05-11,  18.1, 369.0, 358.9, 375.6
2018-05-12,  17.0, 339.8, 358.9, 343.8
2018-05-13,  15.9, 315.3, 358.9, 316.0
2018-05-14,  18.7, 362.4, 358.9, 360.3
2018-05-15,  17.3, 371.9, 358.8, 369.7
2018-05-16,  13.0, 384.6, 389.9, 405.8
2018-05-17,  11.3, 395.5, 410.9, 428.7
2018-05-18,  13.9, 393.5, 378.6, 394.6
2018-05-19,  11.7, 374.0, 405.9, 389.0
2018-05-20,  12.6, 348.4, 394.7, 350.5
2018-05-21,  15.3, 397.5, 361.2, 362.6
2018-05-22,  12.0, 411.9, 402.2, 411.4
2018-05-23,  14.7, 410.0, 368.6, 385.4
2018-05-24,  15.1, 399.1, 363.6, 383.2
2018-05-25,  14.8, 355.3, 367.3, 383.7
2018-05-26,  15.4, 353.7, 359.9, 344.7
2018-05-27,  17.4, 326.0, 358.6, 315.7
2018-05-28,  21.3, 374.2, 358.6, 360.0
2018-05-29,  20.9, 379.3, 358.6, 369.4
2018-05-30,  18.0, 387.2, 358.5, 375.7
2018-05-31,  12.1, 422.3, 400.7, 418.9
2018-06-01,  10.5, 431.2, 420.6, 434.9
2018-06-02,   9.1, 410.4, 437.9, 419.9
2018-06-03,   9.0, 391.8, 439.2, 393.3
2018-06-04,  10.2, 448.3, 424.2, 423.3
2018-06-05,  10.4, 456.0, 421.7, 430.3
2018-06-06,  12.8, 446.4, 391.9, 407.8
2018-06-07,  11.2, 451.8, 411.8, 429.5
2018-06-08,  11.1, 445.2, 413.0, 427.6
2018-06-09,  12.4, 395.8, 396.8, 380.3
2018-06-10,  15.6, 356.3, 358.3, 315.4
2018-06-11,  13.5, 416.8, 383.1, 383.7
2018-06-12,  10.1, 445.4, 425.3, 433.7
2018-06-13,   9.0, 466.6, 439.0, 453.1
2018-06-14,   8.3, 476.2, 447.6, 464.1
2018-06-15,   7.4, 476.6, 458.8, 471.7
2018-06-16,   7.5, 438.2, 457.5, 438.7
2018-06-17,  10.7, 393.8, 417.8, 372.7
2018-06-18,  13.3, 443.0, 385.5, 385.9
2018-06-19,  14.3, 432.5, 373.0, 383.4
2018-06-20,  14.1, 375.2, 375.5, 392.0
2018-06-21,  13.8, 401.5, 379.2, 398.2
2018-06-22,  11.2, 425.2, 411.5, 426.2
2018-06-23,  12.7, 396.9, 392.8, 376.4
2018-06-24,   5.0, 399.3, 488.4, 440.7
2018-06-25,   9.7, 430.8, 430.0, 428.8
2018-06-26,  11.8, 444.1, 403.9, 413.1
2018-06-27,  14.4, 435.9, 371.6, 388.2
2018-06-28,  13.0, 422.0, 389.0, 407.6
2018-06-29,  15.6, 404.4, 357.9, 374.6
2018-06-30,  12.4, 378.8, 396.4, 379.8
2018-07-01,  13.9, 351.7, 377.8, 334.1
2018-07-02,  12.1, 423.1, 400.1, 400.0
2018-07-03,   6.2, 469.2, 473.3, 479.9
2018-07-04,   8.5, 478.3, 444.8, 458.6
2018-07-05,   9.9, 473.4, 427.4, 444.5
2018-07-06,  10.8, 470.6, 416.2, 430.7
2018-07-07,  11.0, 430.5, 413.7, 396.4
2018-07-08,  12.0, 391.6, 401.2, 356.7
2018-07-09,   9.3, 401.6, 434.7, 433.3
2018-07-10,   7.8, 461.2, 453.3, 460.6
2018-07-11,  11.6, 459.8, 406.1, 421.4
2018-07-12,  13.2, 444.2, 386.2, 404.9
2018-07-13,  13.6, 429.7, 381.3, 397.0
2018-07-14,  17.3, 373.8, 357.6, 342.5
2018-07-15,  14.1, 347.4, 375.0, 331.5
2018-07-16,   9.9, 424.8, 427.1, 426.0
2018-07-17,  10.8, 445.3, 415.9, 424.6
2018-07-18,  12.9, 439.7, 389.8, 405.8
2018-07-19,  13.0, 441.6, 388.6, 407.2
2018-07-20,   9.2, 460.1, 435.7, 449.5
2018-07-21,   9.5, 423.9, 432.0, 414.1
2018-07-22,   9.8, 399.2, 428.3, 382.7
2018-07-23,   7.6, 457.9, 455.6, 453.4
2018-07-24,   6.2, 475.5, 472.9, 479.5
2018-07-25,   9.7, 479.3, 429.4, 443.9
2018-07-26,  11.8, 466.7, 403.3, 421.4
2018-07-27,  12.2, 453.8, 398.4, 413.5
2018-07-28,  12.4, 412.4, 395.9, 379.3
2018-07-29,  11.3, 388.0, 409.5, 364.7
2018-07-30,  11.3, 436.4, 409.5, 409.0
2018-07-31,   7.6, 456.8, 455.4, 462.6
2018-08-01,   7.6, 457.8, 455.4, 468.8
2018-08-02,   7.9, 457.2, 451.6, 467.8
2018-08-03,  10.7, 454.4, 416.8, 431.3
2018-08-04,  12.3, 403.6, 397.0, 380.3
2018-08-05,  13.4, 364.9, 383.3, 339.4
2018-08-06,  14.9, 400.3, 364.6, 365.8
2018-08-07,  15.3, 399.0, 359.7, 370.4
2018-08-08,  12.9, 424.3, 389.4, 405.3
2018-08-09,  10.1, 449.9, 424.2, 441.4
2018-08-10,   9.5, 443.7, 431.6, 445.5
2018-08-11,  13.1, 393.0, 386.9, 370.6
2018-08-12,  15.3, 345.8, 359.6, 316.5
2018-08-13,  14.6, 391.9, 368.2, 369.2
2018-08-14,  13.4, 403.8, 383.1, 393.0
2018-08-15,  10.9, 411.5, 414.1, 429.1
2018-08-16,  13.9, 404.0, 376.9, 395.8
2018-08-17,  16.1, 383.4, 357.0, 373.6
2018-08-18,  17.9, 351.6, 356.9, 341.8
2018-08-19,  10.0, 359.6, 425.2, 379.8
2018-08-20,   7.5, 390.7, 456.2, 454.0
2018-08-21,   8.0, 438.7, 450.0, 457.4
2018-08-22,  10.4, 436.7, 420.2, 434.9
2018-08-23,  12.1, 425.0, 399.1, 417.2
2018-08-24,  11.3, 425.5, 409.0, 423.7
2018-08-25,   9.3, 397.7, 433.8, 415.8
2018-08-26,  13.5, 353.5, 381.6, 337.8
2018-08-27,  15.0, 380.1, 363.0, 364.2
2018-08-28,  17.0, 372.9, 356.7, 367.6
2018-08-29,  18.2, 367.0, 356.7, 373.8
2018-08-30,  13.5, 394.2, 381.5, 400.3
2018-08-31,   9.4, 432.5, 432.4, 446.3
2018-09-01,  11.4, 397.9, 407.6, 390.5
2018-09-02,  12.4, 350.7, 395.1, 350.8
2018-09-03,  12.5, 385.8, 393.9, 393.9
2018-09-04,  14.7, 378.2, 366.5, 377.0
2018-09-05,  17.8, 365.5, 356.6, 373.7
2018-09-06,  19.5, 357.5, 356.6, 376.3
2018-09-07,  17.9, 342.1, 356.5, 373.2
2018-09-08,  17.2, 325.8, 356.5, 341.4
2018-09-09,  15.5, 310.6, 356.5, 313.6
2018-09-10,  15.0, 360.3, 362.7, 363.9
2018-09-11,  15.5, 363.0, 356.5, 367.3
2018-09-12,  16.3, 365.9, 356.5, 373.5
2018-09-13,  16.4, 360.4, 356.4, 376.1
2018-09-14,  16.6, 357.8, 356.4, 373.1
2018-09-15,  17.3, 328.3, 356.4, 341.2
2018-09-16,  18.2, 302.8, 356.4, 313.5
2018-09-17,  19.2, 346.9, 356.4, 357.8
2018-09-18,  19.9, 353.8, 356.3, 367.2
2018-09-19,  16.7, 354.5, 356.3, 373.4
2018-09-20,  16.9, 357.5, 356.3, 376.0
2018-09-21,  22.6, 362.1, 365.7, 381.9
2018-09-22,  25.9, 348.3, 417.2, 399.7
2018-09-23,  21.1, 321.9, 356.2, 313.3
2018-09-24,  17.4, 344.7, 356.2, 357.6
2018-09-25,  19.6, 322.3, 356.2, 367.0
2018-09-26,  20.6, 353.1, 356.2, 373.3
2018-09-27,  16.9, 359.3, 356.2, 375.9
2018-09-28,  18.6, 371.9, 356.1, 372.8
2018-09-29,  19.5, 348.8, 356.1, 340.9
2018-09-30,  17.4, 314.5, 356.1, 313.2
2018-10-01,  13.4, 361.5, 382.1, 382.6
2018-10-02,  11.7, 362.1, 403.2, 412.3
2018-10-03,  17.1, 355.0, 356.0, 373.1
2018-10-04,  15.6, 352.6, 356.0, 375.7
2018-10-05,  14.5, 349.8, 368.4, 384.6
2018-10-06,  16.5, 320.3, 356.0, 340.8
2018-10-07,  20.1, 296.9, 356.0, 313.0
2018-10-08,  24.3, 360.9, 391.9, 391.9
2018-10-09,  19.2, 357.7, 355.9, 366.8
2018-10-10,  16.9, 349.6, 355.9, 373.0
2018-10-11,  13.8, 356.9, 377.0, 395.9
2018-10-12,  13.5, 357.1, 380.7, 396.4
2018-10-13,  16.8, 320.2, 355.8, 340.7
2018-10-14,  20.2, 287.6, 355.8, 312.9
2018-10-15,  21.8, 293.3, 355.8, 357.2
2018-10-16,  22.5, 349.5, 363.6, 374.1
2018-10-17,  23.4, 377.2, 377.6, 393.9
2018-10-18,  20.2, 376.7, 355.7, 375.4
2018-10-19,  17.3, 359.3, 355.7, 372.3
2018-10-20,  15.5, 324.8, 355.7, 340.5
2018-10-21,  17.1, 298.8, 355.7, 312.7
2018-10-22,  18.4, 348.2, 355.7, 357.1
2018-10-23,  16.7, 347.7, 355.6, 366.5
2018-10-24,  13.8, 360.6, 376.7, 393.0
2018-10-25,  17.1, 360.6, 355.6, 375.3
2018-10-26,  18.0, 349.1, 355.6, 372.2
2018-10-27,  17.1, 314.9, 355.6, 340.4
2018-10-28,  19.2, 289.2, 355.5, 312.6
2018-10-29,  22.8, 348.1, 368.0, 369.0
2018-10-30,  20.5, 365.5, 355.5, 366.3
2018-10-31,  17.3, 353.7, 355.5, 372.6
2018-11-01,  14.2, 349.0, 371.6, 390.7
2018-11-02,  16.0, 358.8, 355.4, 372.1
2018-11-03,  20.4, 334.9, 355.4, 340.2
2018-11-04,  21.5, 311.5, 355.4, 312.5
2018-11-05,  23.3, 370.1, 375.7, 376.3
2018-11-06,  22.0, 364.6, 355.4, 366.2
2018-11-07,  18.3, 355.3, 355.3, 372.4
2018-11-08,  22.5, 375.1, 363.1, 382.5
2018-11-09,  27.3, 416.3, 438.2, 451.6
2018-11-10,  23.0, 377.9, 370.9, 355.1
2018-11-11,  22.9, 337.0, 369.3, 325.9
2018-11-12,  25.1, 379.7, 403.7, 403.2
2018-11-13,  23.9, 370.5, 384.9, 394.6
2018-11-14,  21.5, 355.6, 355.2, 372.3
2018-11-15,  23.5, 373.3, 378.6, 397.4
2018-11-16,  17.1, 365.1, 355.2, 371.8
2018-11-17,  20.4, 346.9, 355.1, 339.9
2018-11-18,  19.2, 298.1, 355.1, 312.2
2018-11-19,  22.1, 304.9, 356.7, 358.0
2018-11-20,  24.4, 376.3, 392.6, 402.0
2018-11-21,  28.0, 428.8, 448.9, 462.3
2018-11-22,  24.3, 406.8, 391.0, 409.3
2018-11-23,  17.5, 356.6, 355.0, 371.6
2018-11-24,  18.8, 326.7, 355.0, 339.8
2018-11-25,  18.6, 305.9, 355.0, 312.0
2018-11-26,  23.0, 361.9, 370.6, 371.4
2018-11-27,  22.3, 359.7, 359.6, 370.3
2018-11-28,  20.6, 362.1, 354.9, 372.0
2018-11-29,  20.3, 364.6, 354.9, 374.6
2018-11-30,  22.1, 363.4, 356.4, 373.0
2018-12-01,  17.7, 318.1, 354.9, 339.7
2018-12-02,  15.1, 285.8, 359.8, 316.7
2018-12-03,  20.9, 341.8, 354.8, 356.2
2018-12-04,  19.1, 363.8, 354.8, 365.6
2018-12-05,  19.5, 373.5, 354.8, 371.9
2018-12-06,  17.8, 349.9, 354.8, 374.4
2018-12-07,  16.5, 347.1, 354.7, 371.4
2018-12-08,  21.8, 314.4, 354.7, 339.5
2018-12-09,  23.8, 316.7, 382.8, 338.8
2018-12-10,  22.8, 405.3, 367.2, 368.1
2018-12-11,  23.2, 423.9, 373.4, 383.5
2018-12-12,  23.5, 407.2, 378.1, 394.3
2018-12-13,  19.3, 406.3, 354.6, 374.3
2018-12-14,  20.5, 385.6, 354.6, 371.2
2018-12-15,  20.9, 341.9, 354.6, 339.4
2018-12-16,  25.5, 344.6, 409.3, 364.2
2018-12-17,  23.5, 400.6, 378.0, 378.5
2018-12-18,  19.2, 365.3, 354.5, 365.3
2018-12-19,  22.3, 377.6, 359.2, 376.1
2018-12-20,  23.9, 393.0, 384.2, 402.7
2018-12-21,  23.7, 377.3, 381.0, 396.6
2018-12-22,  22.2, 360.2, 357.6, 342.3
2018-12-23,  24.9, 361.3, 399.8, 355.1
2018-12-24,  26.4, 387.1, 423.2, 421.9
2018-12-25,  26.7, 362.8, 427.9, 435.8
2018-12-26,  29.3, 464.8, 468.5, 481.2
2018-12-27,  27.8, 465.9, 445.0, 461.2
2018-12-28,  26.3, 453.2, 421.5, 435.6
2018-12-29,  25.4, 428.6, 407.5, 390.2
2018-12-30,  23.9, 347.2, 384.0, 339.9
2018-12-31,  23.0, 344.9, 369.9, 370.7
2019-01-01,  28.1, 369.0, 449.6, 456.7
2019-01-02,  27.9, 452.5, 446.5, 460.0
2019-01-03,  21.7, 374.3, 354.2, 373.9
2019-01-04,  23.5, 376.7, 377.6, 393.3
2019-01-05,  25.7, 380.6, 412.0, 394.6
2019-01-06,  24.5, 350.4, 393.2, 348.8
2019-01-07,  25.0, 377.9, 401.0, 400.6
2019-01-08,  26.6, 416.8, 426.0, 434.1
2019-01-09,  25.7, 422.7, 411.9, 426.8
2019-01-10,  22.2, 352.8, 357.2, 376.7
2019-01-11,  18.5, 340.8, 354.0, 370.7
2019-01-12,  24.4, 345.4, 391.5, 374.9
2019-01-13,  23.8, 329.1, 382.1, 338.1
2019-01-14,  24.1, 381.2, 386.8, 386.9
2019-01-15,  22.5, 384.6, 361.8, 372.3
2019-01-16,  24.5, 402.5, 393.0, 408.6
2019-01-17,  22.1, 378.8, 355.5, 375.1
2019-01-18,  18.9, 346.7, 353.9, 370.5
2019-01-19,  19.9, 323.3, 353.9, 338.7
2019-01-20,  23.0, 313.6, 369.5, 325.9
2019-01-21,  25.9, 400.7, 414.8, 413.9
2019-01-22,  28.5, 465.8, 455.4, 462.3
2019-01-23,  26.7, 470.5, 427.3, 441.5
2019-01-24,  27.1, 472.8, 433.5, 450.1
2019-01-25,  25.4, 456.5, 406.9, 421.5
2019-01-26,  27.4, 415.1, 438.2, 419.7
2019-01-27,  28.3, 416.7, 452.2, 405.5
2019-01-28,  31.3, 518.8, 499.1, 494.9
2019-01-29,  30.9, 544.4, 492.8, 498.3
2019-01-30,  27.3, 480.0, 436.5, 450.4
2019-01-31,  23.7, 456.9, 380.2, 398.9
2019-02-01,  28.4, 473.0, 453.7, 466.4
2019-02-02,  24.8, 378.5, 397.4, 380.5
2019-02-03,  19.7, 311.6, 353.6, 310.6
2019-02-04,  21.8, 366.1, 353.6, 355.0
2019-02-05,  22.6, 389.8, 362.9, 373.4
2019-02-06,  24.3, 417.0, 389.5, 405.2
2019-02-07,  26.7, 448.4, 427.0, 443.8
2019-02-08,  29.1, 473.0, 464.5, 476.8
2019-02-09,  29.8, 436.7, 475.4, 455.5
2019-02-10,  27.9, 420.2, 445.7, 399.2
2019-02-11,  24.0, 405.5, 384.7, 384.9
2019-02-12,  17.7, 344.6, 353.4, 364.2
2019-02-13,  19.9, 349.1, 353.4, 370.4
2019-02-14,  20.2, 360.8, 353.4, 373.0
2019-02-15,  21.7, 380.1, 353.3, 370.0
2019-02-16,  23.4, 369.0, 375.2, 359.2
2019-02-17,  26.4, 371.8, 422.1, 376.5
2019-02-18,  27.5, 465.8, 439.3, 437.3
2019-02-19,  29.6, 501.9, 472.1, 478.3
2019-02-20,  30.9, 530.8, 492.4, 504.1
2019-02-21,  29.3, 530.7, 467.4, 482.6
2019-02-22,  28.3, 517.2, 451.7, 464.5
2019-02-23,  25.2, 424.8, 403.2, 386.1
2019-02-24,  21.1, 348.0, 353.2, 310.2
2019-02-25,  18.5, 353.2, 353.1, 354.5
2019-02-26,  17.0, 345.6, 353.1, 363.9
2019-02-27,  21.1, 352.3, 353.1, 370.2
2019-02-28,  19.6, 367.0, 353.1, 372.8
2019-03-01,  25.0, 389.6, 400.0, 414.8
2019-03-02,  21.8, 360.6, 353.0, 337.8
2019-03-03,  22.5, 340.7, 360.8, 317.6
2019-03-04,  22.6, 326.7, 362.4, 363.4
2019-03-05,  21.7, 326.0, 353.0, 363.8
2019-03-06,  26.4, 406.3, 421.8, 436.2
2019-03-07,  26.6, 444.5, 424.9, 441.8
2019-03-08,  20.0, 363.4, 352.9, 369.5
2019-03-09,  16.1, 311.4, 352.9, 337.7
2019-03-10,  20.0, 290.3, 352.9, 309.9
2019-03-11,  21.3, 341.9, 352.9, 354.3
2019-03-12,  20.7, 357.6, 352.8, 363.6
2019-03-13,  20.8, 356.5, 352.8, 369.9
2019-03-14,  21.3, 365.0, 352.8, 372.5
2019-03-15,  21.9, 367.7, 352.8, 369.4
2019-03-16,  23.8, 338.9, 380.9, 364.6
2019-03-17,  23.8, 315.8, 380.9, 336.8
2019-03-18,  25.2, 371.2, 402.8, 402.2
2019-03-19,  19.9, 357.6, 352.7, 363.5
2019-03-20,  16.7, 345.7, 352.7, 369.7
2019-03-21,  18.0, 345.0, 352.7, 372.3
2019-03-22,  18.2, 345.3, 352.6, 369.2
2019-03-23,  19.7, 320.8, 352.6, 337.4
2019-03-24,  19.6, 295.1, 352.6, 309.6
2019-03-25,  16.2, 340.4, 352.6, 354.0
2019-03-26,  16.8, 341.7, 352.6, 363.4
2019-03-27,  17.5, 347.2, 352.5, 369.6
2019-03-28,  21.4, 351.5, 352.5, 372.2
2019-03-29,  23.3, 363.5, 372.8, 388.6
2019-03-30,  24.8, 350.5, 396.3, 379.4
2019-03-31,  24.5, 327.3, 391.6, 347.1
2019-04-01,  24.4, 367.3, 390.0, 389.9
2019-04-02,  27.4, 352.7, 436.9, 444.4
2019-04-03,  21.6, 374.0, 352.4, 369.5
2019-04-04,  23.6, 371.8, 377.4, 396.1
2019-04-05,  17.7, 347.0, 352.4, 369.0
2019-04-06,  16.9, 318.0, 352.3, 337.1
2019-04-07,  19.0, 296.3, 352.3, 309.4
2019-04-08,  21.0, 343.9, 352.3, 353.7
2019-04-09,  21.6, 358.8, 352.3, 363.1
2019-04-10,  23.1, 365.0, 369.5, 385.9
2019-04-11,  19.1, 370.3, 352.3, 371.9
2019-04-12,  15.2, 352.0, 356.0, 372.4
2019-04-13,  20.1, 322.4, 352.2, 337.0
2019-04-14,  23.2, 307.4, 371.0, 327.3
2019-04-15,  19.6, 354.6, 352.2, 353.5
2019-04-16,  17.1, 352.1, 352.2, 362.9
2019-04-17,  20.4, 353.1, 352.1, 369.2
2019-04-18,  21.3, 346.5, 352.1, 371.8
2019-04-19,  23.4, 317.4, 374.0, 389.7
2019-04-20,  19.7, 317.2, 352.1, 336.8
2019-04-21,  16.3, 299.6, 352.1, 309.1
2019-04-22,  17.0, 341.6, 352.0, 353.4
2019-04-23,  16.8, 351.4, 352.0, 362.8
2019-04-24,  16.3, 359.7, 352.0, 369.0
2019-04-25,  18.9, 359.9, 352.0, 371.6
2019-04-26,  17.6, 358.6, 352.0, 368.5
2019-04-27,  18.3, 326.5, 351.9, 336.7
2019-04-28,  20.2, 296.4, 351.9, 308.9
2019-04-29,  19.6, 343.7, 351.9, 353.3
2019-04-30,  14.6, 345.0, 363.0, 373.4
2019-05-01,  15.0, 295.6, 358.1, 374.9
2019-05-02,  19.5, 343.4, 351.8, 371.5
2019-05-03,  21.9, 353.4, 351.8, 368.4
2019-05-04,  19.1, 328.6, 351.8, 336.6
2019-05-05,  19.0, 307.4, 351.8, 308.8
2019-05-06,  17.3, 350.1, 351.8, 353.1
2019-05-07,  14.6, 363.8, 362.9, 373.3
2019-05-08,  17.2, 361.6, 351.7, 368.8
2019-05-09,  17.6, 364.4, 351.7, 371.3
2019-05-10,  16.7, 364.2, 351.7, 368.3
2019-05-11,  15.6, 334.5, 351.7, 336.4
2019-05-12,  17.4, 308.4, 351.6, 308.7
2019-05-13,  18.3, 351.6, 351.6, 353.0
2019-05-14,  12.7, 369.7, 386.4, 395.9
2019-05-15,  15.5, 370.6, 351.6, 368.6
2019-05-16,  16.6, 368.4, 351.6, 371.2
2019-05-17,  19.7, 359.0, 351.5, 368.1
2019-05-18,  21.1, 325.0, 351.5, 336.3
2019-05-19,  15.1, 311.2, 356.5, 313.3
2019-05-20,  14.0, 377.7, 370.1, 370.8
2019-05-21,  14.2, 391.7, 367.6, 377.8
2019-05-22,  13.8, 397.3, 372.5, 388.8
2019-05-23,  12.5, 401.2, 388.7, 406.9
2019-05-24,  14.5, 393.6, 363.8, 379.9
2019-05-25,  14.5, 345.3, 363.8, 348.1
2019-05-26,  15.0, 328.8, 357.6, 314.4
2019-05-27,  15.5, 380.6, 351.3, 352.7
2019-05-28,  14.5, 388.9, 363.7, 374.1
2019-05-29,  11.5, 383.6, 401.0, 416.2
2019-05-30,  12.0, 415.5, 394.7, 412.8
2019-05-31,  14.0, 406.2, 369.9, 385.8
2019-06-01,  15.0, 364.1, 357.4, 342.0
2019-06-02,  15.5, 335.2, 351.2, 308.2
2019-06-03,  16.0, 382.6, 351.2, 352.6
2019-06-04,  15.4, 388.4, 352.4, 363.2
2019-06-05,  16.1, 388.7, 351.2, 368.2
2019-06-06,  17.4, 381.5, 351.1, 370.8
2019-06-07,  15.1, 381.8, 356.1, 372.5
2019-06-08,  14.4, 362.8, 364.8, 349.0
2019-06-09,  14.6, 335.5, 362.3, 318.9
2019-06-10,  16.8, 377.3, 351.1, 352.4
2019-06-11,  15.0, 393.5, 357.2, 367.8
2019-06-12,  19.0, 383.1, 351.0, 368.0
2019-06-13,  17.6, 388.9, 351.0, 370.6
2019-06-14,  15.8, 392.7, 351.0, 367.6
2019-06-15,  13.5, 382.7, 375.8, 359.6
2019-06-16,  15.4, 247.5, 352.2, 309.1
2019-06-17,  15.7, 353.0, 350.9, 352.3
2019-06-18,  12.3, 408.8, 390.6, 399.9
2019-06-19,  14.0, 411.0, 369.5, 385.8
2019-06-20,  11.0, 378.7, 406.7, 424.3
2019-06-21,  13.6, 398.4, 374.4, 390.1
2019-06-22,  17.0, 352.2, 350.8, 335.6
2019-06-23,  18.8, 324.1, 350.8, 307.8
2019-06-24,  13.2, 385.6, 379.3, 379.6
2019-06-25,  11.9, 417.6, 395.5, 404.6
2019-06-26,   9.4, 448.3, 426.5, 440.7
2019-06-27,  11.4, 442.9, 401.6, 419.4
2019-06-28,  13.4, 428.6, 376.8, 392.4
2019-06-29,  12.9, 386.5, 383.0, 366.5
2019-06-30,  10.6, 373.9, 411.5, 366.3
2019-07-01,   7.9, 438.4, 445.0, 442.9
2019-07-02,  11.5, 446.9, 400.3, 409.2
2019-07-03,   8.1, 454.8, 442.5, 456.1
2019-07-04,   7.3, 470.9, 452.4, 468.3
2019-07-05,   6.1, 477.1, 467.3, 479.5
2019-07-06,   6.3, 440.4, 464.8, 445.3
2019-07-07,   8.3, 405.2, 439.9, 393.6
2019-07-08,   9.8, 419.5, 421.3, 420.0
2019-07-09,  13.4, 379.1, 376.6, 386.4
2019-07-10,  13.5, 408.9, 375.3, 391.4
2019-07-11,  13.9, 404.8, 370.3, 389.2
2019-07-12,  14.8, 400.3, 359.1, 375.4
2019-07-13,   9.8, 385.7, 421.2, 403.3
2019-07-14,   9.2, 365.5, 428.6, 382.7
2019-07-15,  13.1, 416.4, 380.2, 380.4
2019-07-16,  10.4, 424.6, 413.7, 422.1
2019-07-17,  13.3, 417.5, 377.6, 393.6
2019-07-18,  14.6, 412.1, 361.5, 380.7
2019-07-19,  14.9, 401.0, 357.7, 374.0
2019-07-20,  16.0, 358.9, 350.3, 335.0
2019-07-21,  19.8, 313.4, 350.2, 307.2
2019-07-22,  12.9, 393.2, 382.5, 382.7
2019-07-23,   9.8, 435.9, 421.0, 429.1
2019-07-24,   9.7, 445.0, 422.2, 436.5
2019-07-25,  10.6, 458.9, 411.0, 428.4
2019-07-26,  12.3, 445.1, 389.9, 405.0
2019-07-27,  12.1, 390.2, 392.3, 375.5
2019-07-28,  11.8, 369.3, 396.0, 351.3
2019-07-29,  13.5, 413.3, 374.9, 375.3
2019-07-30,  13.0, 415.3, 381.1, 390.7
2019-07-31,  15.7, 398.8, 350.0, 367.1
2019-08-01,  14.8, 401.5, 358.7, 378.0
2019-08-02,  11.1, 418.6, 404.6, 419.2
2019-08-03,  11.4, 387.6, 400.9, 383.8
2019-08-04,  13.4, 357.6, 376.0, 332.1
2019-08-05,  14.6, 400.3, 361.1, 362.1
2019-08-06,  17.1, 390.9, 349.9, 360.7
2019-08-07,  13.9, 395.8, 369.8, 386.1
2019-08-08,  12.5, 427.7, 387.1, 405.4
2019-08-09,   9.3, 449.2, 426.8, 440.6
2019-08-10,  10.5, 400.1, 411.9, 394.4
2019-08-11,  12.8, 354.3, 383.3, 339.1
2019-08-12,  11.6, 420.5, 398.2, 397.8
2019-08-13,   6.7, 452.0, 459.0, 465.8
2019-08-14,   6.1, 460.9, 466.5, 479.2
2019-08-15,  12.2, 441.8, 390.7, 408.8
2019-08-16,  15.5, 399.7, 349.7, 366.3
2019-08-17,  14.4, 350.6, 363.4, 347.6
2019-08-18,  10.0, 355.9, 418.0, 372.4
2019-08-19,   6.2, 424.7, 465.1, 462.2
2019-08-20,   8.2, 448.1, 440.3, 447.7
2019-08-21,   9.9, 439.4, 419.2, 433.6
2019-08-22,  12.3, 426.1, 389.3, 407.5
2019-08-23,  12.0, 410.5, 393.0, 408.0
2019-08-24,  13.9, 368.4, 369.4, 353.4
2019-08-25,  15.0, 330.0, 355.8, 312.5
2019-08-26,  18.3, 364.1, 349.5, 350.9
2019-08-27,  18.1, 361.8, 349.5, 360.3
2019-08-28,  21.3, 360.1, 349.5, 366.5
2019-08-29,  19.7, 359.6, 349.5, 369.1
2019-08-30,  13.6, 369.0, 373.0, 388.7
2019-08-31,  13.6, 343.7, 373.0, 356.9
2019-09-01,  11.1, 332.2, 404.0, 359.0
2019-09-02,  11.3, 403.4, 401.5, 400.9
2019-09-03,   8.3, 425.7, 438.8, 446.2
2019-09-04,   8.6, 432.5, 435.0, 448.9
2019-09-05,   8.9, 438.1, 431.3, 447.9
2019-09-06,  12.2, 417.0, 390.3, 405.3
2019-09-07,  15.6, 356.8, 349.3, 334.0
2019-09-08,  15.0, 328.1, 355.5, 312.2
2019-09-09,  13.5, 395.1, 374.1, 374.5
2019-09-10,  14.1, 400.1, 366.6, 376.7
2019-09-11,  14.5, 399.3, 361.6, 378.2
2019-09-12,  13.7, 390.7, 371.5, 390.3
2019-09-13,  14.1, 375.2, 366.5, 382.5
2019-09-14,  16.0, 335.7, 349.1, 333.9
2019-09-15,  18.0, 304.8, 349.1, 306.1
2019-09-16,  16.7, 359.2, 349.1, 350.4
2019-09-17,  16.6, 363.6, 349.1, 359.8
2019-09-18,  15.5, 356.0, 349.1, 366.1
2019-09-19,  17.0, 363.3, 349.0, 368.7
2019-09-20,  13.8, 366.1, 370.1, 385.9
2019-09-21,  17.7, 330.3, 349.0, 333.7
2019-09-22,  14.1, 303.5, 366.4, 322.7
2019-09-23,  15.2, 348.3, 352.7, 353.9
2019-09-24,  19.2, 352.6, 348.9, 359.7
2019-09-25,  22.6, 348.8, 358.3, 375.0
2019-09-26,  20.2, 348.4, 348.9, 368.5
2019-09-27,  16.6, 349.0, 348.9, 365.4
2019-09-28,  17.8, 323.5, 348.9, 333.6
2019-09-29,  21.5, 307.0, 348.8, 305.8
2019-09-30,  23.1, 360.1, 366.0, 366.7
2019-10-01,  15.5, 372.4, 348.8, 359.6
2019-10-02,  14.3, 362.5, 363.7, 380.1
2019-10-03,  10.7, 378.0, 408.4, 425.8
2019-10-04,  13.2, 384.5, 377.3, 392.8
2019-10-05,  15.3, 335.3, 351.2, 335.9
2019-10-06,  16.0, 296.6, 348.7, 305.7
2019-10-07,  19.5, 341.0, 348.7, 350.0
2019-10-08,  19.1, 353.8, 348.7, 359.4
2019-10-09,  21.1, 362.0, 348.6, 365.7
2019-10-10,  22.0, 381.7, 348.6, 368.2
2019-10-11,  21.6, 393.7, 348.6, 365.2
2019-10-12,  18.2, 357.9, 348.6, 333.3
2019-10-13,  16.3, 322.7, 348.6, 305.6
2019-10-14,  11.2, 354.6, 401.9, 401.3
2019-10-15,  11.3, 395.2, 400.7, 409.5
2019-10-16,  14.1, 390.4, 365.9, 382.3
2019-10-17,  17.2, 381.6, 348.5, 368.1
2019-10-18,  18.5, 358.4, 348.5, 365.0
2019-10-19,  17.2, 321.6, 348.4, 333.2
2019-10-20,  15.6, 296.4, 348.4, 305.4
2019-10-21,  16.0, 349.1, 348.4, 349.7
2019-10-22,  17.5, 354.5, 348.4, 359.1
2019-10-23,  16.9, 356.2, 348.4, 365.4
2019-10-24,  18.1, 359.0, 348.3, 368.0
2019-10-25,  23.3, 366.0, 368.7, 384.4
2019-10-26,  25.2, 346.6, 398.3, 381.1
2019-10-27,  23.3, 329.5, 368.6, 324.8
2019-10-28,  19.8, 385.1, 348.3, 349.6
2019-10-29,  17.4, 385.2, 348.2, 359.0
2019-10-30,  19.0, 373.6, 348.2, 365.2
2019-10-31,  18.7, 358.3, 348.2, 367.8
2019-11-01,  19.7, 371.1, 348.2, 364.7
2019-11-02,  24.2, 348.4, 382.6, 366.0
2019-11-03,  18.4, 305.5, 348.2, 305.1
2019-11-04,  20.7, 364.9, 348.1, 349.5
2019-11-05,  20.0, 365.8, 348.1, 358.9
2019-11-06,  22.3, 369.9, 352.8, 369.6
2019-11-07,  24.7, 382.6, 390.3, 408.3
2019-11-08,  19.5, 380.2, 348.1, 364.6
2019-11-09,  21.7, 345.0, 348.0, 332.8
2019-11-10,  20.0, 315.8, 348.0, 305.0
2019-11-11,  21.4, 375.4, 348.0, 349.3
2019-11-12,  23.3, 397.4, 368.3, 378.3
2019-11-13,  26.2, 406.6, 413.6, 428.1
2019-11-14,  24.7, 410.8, 390.1, 408.1
2019-11-15,  24.7, 417.0, 390.1, 405.0
2019-11-16,  22.5, 365.1, 355.7, 340.1
2019-11-17,  24.7, 346.0, 390.1, 345.4
2019-11-18,  27.8, 370.8, 438.5, 436.4
2019-11-19,  25.3, 433.6, 399.4, 408.2
2019-11-20,  29.3, 474.6, 461.9, 474.5
2019-11-21,  27.0, 473.1, 426.0, 442.5
2019-11-22,  21.9, 407.8, 347.8, 364.3
2019-11-23,  17.5, 340.1, 347.8, 332.5
2019-11-24,  21.3, 313.1, 347.7, 304.7
2019-11-25,  20.6, 368.9, 347.7, 349.0
2019-11-26,  21.7, 358.7, 347.7, 358.4
2019-11-27,  20.7, 356.9, 347.7, 364.7
2019-11-28,  22.9, 381.2, 361.7, 380.8
2019-11-29,  25.1, 398.6, 396.1, 410.8
2019-11-30,  22.6, 348.6, 357.0, 341.4
2019-12-01,  20.0, 301.9, 347.6, 304.6
2019-12-02,  20.2, 355.2, 347.6, 348.9
2019-12-03,  21.3, 355.3, 347.6, 358.3
2019-12-04,  20.8, 350.2, 347.5, 364.5
2019-12-05,  18.7, 347.7, 347.5, 367.1
2019-12-06,  24.1, 370.2, 380.3, 395.6
2019-12-07,  19.5, 344.7, 347.5, 332.2
2019-12-08,  26.5, 331.6, 417.8, 372.1
2019-12-09,  28.3, 433.4, 445.9, 443.4
2019-12-10,  30.7, 485.3, 483.4, 488.9
2019-12-11,  30.4, 502.7, 478.7, 490.6
2019-12-12,  23.3, 406.4, 367.7, 386.5
2019-12-13,  18.8, 382.1, 347.4, 363.9
2019-12-14,  24.3, 377.3, 383.3, 366.6
2019-12-15,  22.2, 325.4, 350.4, 307.3
2019-12-16,  21.4, 376.3, 347.3, 348.6
2019-12-17,  23.0, 405.2, 362.9, 373.0
2019-12-18,  26.9, 437.6, 423.9, 437.9
2019-12-19,  27.6, 462.7, 434.8, 451.0
2019-12-20,  22.9, 411.8, 361.3, 377.3
2019-12-21,  19.2, 330.6, 347.2, 331.9
2019-12-22,  18.9, 311.6, 347.2, 304.1
2019-12-23,  23.8, 374.9, 375.3, 375.5
2019-12-24,  26.9, 383.6, 423.7, 431.5
2019-12-25,  22.6, 310.4, 356.5, 373.1
2019-12-26,  21.4, 364.0, 347.1, 366.7
2019-12-27,  26.9, 438.5, 423.7, 437.3
2019-12-28,  27.7, 431.9, 436.2, 417.4
2019-12-29,  28.4, 411.1, 447.1, 400.2
2019-12-30,  24.3, 423.8, 383.0, 382.9
2019-12-31,  25.0, 384.8, 393.9, 402.8
